{"Car # 10": 0.9997907021604938, "Car # 21": 0.9988884066358025, "Car # 11": 0.9998398919753086, "Car # 22": 0.9992626350308642, "Car # 16": 0.9998562885802469, "Car # 2": 0.9998172260802469, "Car # 23": 0.9991661844135803, "Car # 12": 0.9997309027777778, "Car # 4": 0.9998008294753087, "Car # 17": 0.9997815393518519, "Car # 20": 0.9993065200617284, "Car # 24": 0.9989940200617284, "Car # 18": 0.9998292824074074, "Car # 13": 0.9997882908950617, "Car # 9": 0.9996903935185185, "Car # 7": 0.9996990740740741, "Car # 19": 0.9994261188271605, "Car # 1": 0.9989395254629629, "Car # 3": 0.9997559799382716, "car_group": 0.9987683256172839, "Car # 15": 0.9991584683641975, "Car # 6": 0.9995187114197531, "Car # 5": 0.9996913580246913, "Truck # 2": 0, "Car # 14": 0.9989853395061729, "Car # 8": 0.9997005208333334}