{
  "Car # 1": 0.992324,
  "car #2": 0.4554234,
  "person": 0.999999,
  ...
}