{"Car # 10": 0.42379958246346555, "Car # 21": 0.5816869300911854, "Car # 11": 0.8622589531680441, "Car # 22": 0.9636505904111538, "Car # 16": 0.94824016563147, "Car # 2": 0.9203966764942375, "Car # 23": 0.9587470373454615, "Car # 12": 0.6556962025316456, "Car # 4": 0.7362986497220015, "Car # 17": 0.9210992907801419, "Car # 20": 0.5851950650216738, "Car # 24": 0.9482000409081611, "Car # 18": 0.8512396694214877, "Car # 13": 0.7192028985507246, "Car # 9": 0.8086560364464692, "Car # 7": 0.7785588752196837, "Car # 19": 0.548951048951049, "Car # 1": 0.8594942748091603, "Car # 3": 0.8814432989690721, "car_group": 0.18532695374800637, "Car # 15": 0.27439024390243905, "Car # 6": 0.5714285714285714, "Car # 5": 0.8701298701298701, "Truck # 2": 0, "Car # 14": 0.35809018567639256, "Car # 8": 0.7613168724279835}